{
  "realm": "your-realm",
  "enabled": true,
  "clients": [
    {
      "clientId": "streamlit-client",
      "name": "Streamlit App",
      "protocol": "openid-connect",
      "enabled": true,
      "publicClient": false,
      "bearerOnly": false,
      "redirectUris": [
        "http://localhost:8501/*"
      ],
      "secret": "your-secret",
      "standardFlowEnabled": true
    }
  ],
  "users": [
    {
      "username": "doctor",
      "enabled": true,
      "firstName": "Dr.",
      "lastName": "Smith",
      "email": "doctor@example.com",
      "credentials": [
        {
          "type": "password",
          "value": "password"
        }
      ],
      "realmRoles": [
        "doctor"
      ]
    },
    {
      "username": "patient",
      "enabled": true,
      "firstName": "Jane",
      "lastName": "Doe",
      "email": "patient@example.com",
      "credentials": [
        {
          "type": "password",
          "value": "password"
        }
      ],
      "realmRoles": [
        "patient"
      ]
    }
  ],
  "roles": {
    "realm": [
      {
        "name": "doctor"
      },
      {
        "name": "patient"
      }
    ]
  }
}